{"cameraMode":{"drawMode":0,"name":"Shaded","section":"Shading Mode"},"sceneLighting":true,"audioPlay":false,"sceneViewState":{"m_AlwaysRefresh":false,"showFog":true,"showSkybox":true,"showFlares":true,"showImageEffects":true,"showParticleSystems":true,"showVisualEffectGraphs":true,"m_FxEnabled":true},"in2DMode":false,"pivot":{"x":0.08256229758262634,"y":0.7757599353790283,"z":0.04760611057281494},"rotation":{"x":-0.059321146458387378,"y":0.9400013089179993,"z":-0.21842004358768464,"w":-0.2553004026412964},"size":2.9773147106170656,"orthographic":false}